"0","codon_table <- c("
"0","  UUU=""F"", UUC=""F"", UUA=""L"", UUG=""L"","
"0","  UCU=""S"", UCC=""S"", UCA=""S"", UCG=""S"","
"0","  UAU=""Y"", UAC=""Y"", UAA=""*"", UAG=""*"","
"0","  UGU=""C"", UGC=""C"", UGA=""*"", UGG=""W"","
"0","  CUU=""L"", CUC=""L"", CUA=""L"", CUG=""L"","
"0","  CCU=""P"", CCC=""P"", CCA=""P"", CCG=""P"","
"0","  CAU=""H"", CAC=""H"", CAA=""Q"", CAG=""Q"","
"0","  CGU=""R"", CGC=""R"", CGA=""R"", CGG=""R"","
"0","  AUU=""I"", AUC=""I"", AUA=""I"", AUG=""M"","
"0","  ACU=""T"", ACC=""T"", ACA=""T"", ACG=""T"","
"0","  AAU=""N"", AAC=""N"", AAA=""K"", AAG=""K"","
"0","  AGU=""S"", AGC=""S"", AGA=""R"", AGG=""R"","
"0","  GUU=""V"", GUC=""V"", GUA=""V"", GUG=""V"","
"0","  GCU=""A"", GCC=""A"", GCA=""A"", GCG=""A"","
"0","  GAU=""D"", GAC=""D"", GAA=""E"", GAG=""E"","
"0","  GGU=""G"", GGC=""G"", GGA=""G"", GGG=""G"""
"0",")"
"0",""
"0","translate_rna <- function(mRNA, RNA_prot_table=codon_table) {"
"0","        n_codon <- length(mRNA) / 3"
"0","        starts <- seq(1, by = 3, length.out = n_codons)"
"0","        codons <- substring(rna, starts, starts + 2L)"
"0","        aas <- codon_table[codons]"
"0","        # Drop from the first stop codon onward"
"0","        stop_at <- match(""*"", aas)"
"0","        if (!is.na(stop_at)) aas <- aas[seq_len(stop_at - 1L)]"
"0","        paste(aas, collapse = """")"
"0","}"
